Workbook

Sheet DOORS
A1: Order | B1: Door ID | C1: Panel ID | D1: Panel Type | E1: Panel Block Name | F1: Cable(s) | G1: Door Type | H1: Devices | I1: Device Block Names
A2: =ROW()-1 -> 1 | B2: D01 | C2: ACP-01 | D2: ACP | E2: =_xlfn.XLOOKUP(D2,PANEL_LIBRARY!A:A,PANEL_LIBRARY!B:B,"NOT FOUND") -> ACP_FULL | F2: A | G2: 1 | H2: =_xlfn.XLOOKUP(G2, DOOR_TYPES!A:A, DOOR_TYPES!B:B, "") -> CR,DC,ES,RX | I2: {=_xlfn.TEXTJOIN(",",TRUE,_xlfn.XLOOKUP(_xlfn.TEXTSPLIT(H2,","),BLOCK_LIBRARY!A:A,BLOCK_LIBRARY!B:B,"NOT FOUND"))} -> AC_Card_Reader,DC_Door_Contact_Recessed,ES_Electric_Strike,RX_Motion_REX
A3: =ROW()-1 -> 2 | B3: D02 | C3: ACP-01 | D3: ACP | E3: =_xlfn.XLOOKUP(D3,PANEL_LIBRARY!A:A,PANEL_LIBRARY!B:B,"NOT FOUND") -> ACP_FULL | F3: A | G3: 2 | H3: =_xlfn.XLOOKUP(G3, DOOR_TYPES!A:A, DOOR_TYPES!B:B, "") -> CR,ES | I3: {=_xlfn.TEXTJOIN(",",TRUE,_xlfn.XLOOKUP(_xlfn.TEXTSPLIT(H3,","),BLOCK_LIBRARY!A:A,BLOCK_LIBRARY!B:B,"NOT FOUND"))} -> AC_Card_Reader,ES_Electric_Strike
A4: =ROW()-1 -> 3 | B4: D03 | C4: ACP-01 | D4: ACP | E4: =_xlfn.XLOOKUP(D4,PANEL_LIBRARY!A:A,PANEL_LIBRARY!B:B,"NOT FOUND") -> ACP_FULL | F4: B | G4: 3 | H4: =_xlfn.XLOOKUP(G4, DOOR_TYPES!A:A, DOOR_TYPES!B:B, "") -> DC | I4: {=_xlfn.TEXTJOIN(",",TRUE,_xlfn.XLOOKUP(_xlfn.TEXTSPLIT(H4,","),BLOCK_LIBRARY!A:A,BLOCK_LIBRARY!B:B,"NOT FOUND"))} -> DC_Door_Contact_Recessed
A5: =ROW()-1 -> 4 | B5: D04 | C5: ACP-01 | D5: ACP | E5: =_xlfn.XLOOKUP(D5,PANEL_LIBRARY!A:A,PANEL_LIBRARY!B:B,"NOT FOUND") -> ACP_FULL | F5: A | G5: 4 | H5: =_xlfn.XLOOKUP(G5, DOOR_TYPES!A:A, DOOR_TYPES!B:B, "") -> CR,DC | I5: {=_xlfn.TEXTJOIN(",",TRUE,_xlfn.XLOOKUP(_xlfn.TEXTSPLIT(H5,","),BLOCK_LIBRARY!A:A,BLOCK_LIBRARY!B:B,"NOT FOUND"))} -> AC_Card_Reader,DC_Door_Contact_Recessed
A6: =ROW()-1 -> 5 | B6: D05 | C6: ACP-01 | D6: ACP | E6: =_xlfn.XLOOKUP(D6,PANEL_LIBRARY!A:A,PANEL_LIBRARY!B:B,"NOT FOUND") -> ACP_FULL | F6: A,R | G6: 5 | H6: =_xlfn.XLOOKUP(G6, DOOR_TYPES!A:A, DOOR_TYPES!B:B, "") -> CR,CR,DC,ES | I6: {=_xlfn.TEXTJOIN(",",TRUE,_xlfn.XLOOKUP(_xlfn.TEXTSPLIT(H6,","),BLOCK_LIBRARY!A:A,BLOCK_LIBRARY!B:B,"NOT FOUND"))} -> AC_Card_Reader,AC_Card_Reader,DC_Door_Contact_Recessed,ES_Electric_Strike
A7: =ROW()-1 -> 6 | B7: D06 | C7: ACP-01 | D7: ACP | E7: =_xlfn.XLOOKUP(D7,PANEL_LIBRARY!A:A,PANEL_LIBRARY!B:B,"NOT FOUND") -> ACP_FULL | F7: A | G7: 6 | H7: =_xlfn.XLOOKUP(G7, DOOR_TYPES!A:A, DOOR_TYPES!B:B, "") -> CR,DC,DC,EP,EP | I7: {=_xlfn.TEXTJOIN(",",TRUE,_xlfn.XLOOKUP(_xlfn.TEXTSPLIT(H7,","),BLOCK_LIBRARY!A:A,BLOCK_LIBRARY!B:B,"NOT FOUND"))} -> AC_Card_Reader,DC_Door_Contact_Recessed,DC_Door_Contact_Recessed,EP_Electric_Panic_Hdwr,EP_Electric_Panic_Hdwr
A8: =ROW()-1 -> 7 | B8: D07 | C8: ACP-01 | D8: ACP | E8: =_xlfn.XLOOKUP(D8,PANEL_LIBRARY!A:A,PANEL_LIBRARY!B:B,"NOT FOUND") -> ACP_FULL | F8: A | G8: 7 | H8: =_xlfn.XLOOKUP(G8, DOOR_TYPES!A:A, DOOR_TYPES!B:B, "") -> CR,DC,DC,EP,EP,AO | I8: {=_xlfn.TEXTJOIN(",",TRUE,_xlfn.XLOOKUP(_xlfn.TEXTSPLIT(H8,","),BLOCK_LIBRARY!A:A,BLOCK_LIBRARY!B:B,"NOT FOUND"))} -> AC_Card_Reader,DC_Door_Contact_Recessed,DC_Door_Contact_Recessed,EP_Electric_Panic_Hdwr,EP_Electric_Panic_Hdwr,AO_Auto_Operator
A9: =ROW()-1 -> 8 | B9: D08 | C9: ACP-01 | D9: ACP | E9: =_xlfn.XLOOKUP(D9,PANEL_LIBRARY!A:A,PANEL_LIBRARY!B:B,"NOT FOUND") -> ACP_FULL | F9: B | G9: 8 | H9: =_xlfn.XLOOKUP(G9, DOOR_TYPES!A:A, DOOR_TYPES!B:B, "") -> DA | I9: {=_xlfn.TEXTJOIN(",",TRUE,_xlfn.XLOOKUP(_xlfn.TEXTSPLIT(H9,","),BLOCK_LIBRARY!A:A,BLOCK_LIBRARY!B:B,"NOT FOUND"))} -> DA_Duress_Alarm
A10: =ROW()-1 -> 9 | B10: D09 | C10: ACP-01 | D10: ACP | E10: =_xlfn.XLOOKUP(D10,PANEL_LIBRARY!A:A,PANEL_LIBRARY!B:B,"NOT FOUND") -> ACP_FULL | F10: A | G10: 1 | H10: =_xlfn.XLOOKUP(G10, DOOR_TYPES!A:A, DOOR_TYPES!B:B, "") -> CR,DC,ES,RX | I10: {=_xlfn.TEXTJOIN(",",TRUE,_xlfn.XLOOKUP(_xlfn.TEXTSPLIT(H10,","),BLOCK_LIBRARY!A:A,BLOCK_LIBRARY!B:B,"NOT FOUND"))} -> AC_Card_Reader,DC_Door_Contact_Recessed,ES_Electric_Strike,RX_Motion_REX
A11: =ROW()-1 -> 10 | B11: D10 | C11: ACP-01 | D11: ACP | E11: =_xlfn.XLOOKUP(D11,PANEL_LIBRARY!A:A,PANEL_LIBRARY!B:B,"NOT FOUND") -> ACP_FULL | F11: A | G11: 2 | H11: =_xlfn.XLOOKUP(G11, DOOR_TYPES!A:A, DOOR_TYPES!B:B, "") -> CR,ES | I11: {=_xlfn.TEXTJOIN(",",TRUE,_xlfn.XLOOKUP(_xlfn.TEXTSPLIT(H11,","),BLOCK_LIBRARY!A:A,BLOCK_LIBRARY!B:B,"NOT FOUND"))} -> AC_Card_Reader,ES_Electric_Strike
A12: =ROW()-1 -> 11 | B12: D11 | C12: ACP-01 | D12: ACP | E12: =_xlfn.XLOOKUP(D12,PANEL_LIBRARY!A:A,PANEL_LIBRARY!B:B,"NOT FOUND") -> ACP_FULL | F12: B | G12: 3 | H12: =_xlfn.XLOOKUP(G12, DOOR_TYPES!A:A, DOOR_TYPES!B:B, "") -> DC | I12: {=_xlfn.TEXTJOIN(",",TRUE,_xlfn.XLOOKUP(_xlfn.TEXTSPLIT(H12,","),BLOCK_LIBRARY!A:A,BLOCK_LIBRARY!B:B,"NOT FOUND"))} -> DC_Door_Contact_Recessed
A13: =ROW()-1 -> 12 | B13: D12 | C13: ACP-01 | D13: ACP | E13: =_xlfn.XLOOKUP(D13,PANEL_LIBRARY!A:A,PANEL_LIBRARY!B:B,"NOT FOUND") -> ACP_FULL | F13: A | G13: 4 | H13: =_xlfn.XLOOKUP(G13, DOOR_TYPES!A:A, DOOR_TYPES!B:B, "") -> CR,DC | I13: {=_xlfn.TEXTJOIN(",",TRUE,_xlfn.XLOOKUP(_xlfn.TEXTSPLIT(H13,","),BLOCK_LIBRARY!A:A,BLOCK_LIBRARY!B:B,"NOT FOUND"))} -> AC_Card_Reader,DC_Door_Contact_Recessed
... A49: =ROW()-1 -> 48 | B49: D48 | C49: ACP-03 | D49: ACP_PS | E49: =_xlfn.XLOOKUP(D49,PANEL_LIBRARY!A:A,PANEL_LIBRARY!B:B,"NOT FOUND") -> ACP_FULL_W_Power_Supply | F49: B | G49: 8 | H49: =_xlfn.XLOOKUP(G49, DOOR_TYPES!A:A, DOOR_TYPES!B:B, "") -> DA | I49: {=_xlfn.TEXTJOIN(",",TRUE,_xlfn.XLOOKUP(_xlfn.TEXTSPLIT(H49,","),BLOCK_LIBRARY!A:A,BLOCK_LIBRARY!B:B,"NOT FOUND"))} -> DA_Duress_Alarm

Sheet DOOR_TYPES
A1: Door Type | B1: Devices | C1: Reader Count
A2: 1 | B2: CR,DC,ES,RX | C2: 1
A3: 2 | B3: CR,ES | C3: 1
A4: 3 | B4: DC | C4: 0
A5: 4 | B5: CR,DC | C5: 1
A6: 5 | B6: CR,CR,DC,ES | C6: 2
A7: 6 | B7: CR,DC,DC,EP,EP | C7: 1
A8: 7 | B8: CR,DC,DC,EP,EP,AO | C8: 1
A9: 8 | B9: DA | C9: 0

Sheet BLOCK_LIBRARY
A1: Acronym | B1: Block Name | C1: Description
B2: KEYNOTE | C2: Keynote
A3: AO | B3: AO_Auto_Operator | C3: Auto Operator
A4: EP | B4: EP_Electric_Panic_Hdwr | C4: Electric Panic Hardware
A5: DC | B5: DC_Door_Contact_Recessed | C5: Door Contact, Recessed
A6: CK | B6: CK_Card_Reader_Keypad | C6: Card Reader w/ Keypad
A7: CR | B7: AC_Card_Reader | C7: Card Reader
A8: ES | B8: ES_Electric_Strike | C8: Electric Strike
A9: RX | B9: RX_Motion_REX | C9: Motion REX
A10: DA | B10: DA_Duress_Alarm | C10: Duress Alarm
A11: PS | B11: PS_Local | C11: Local Power Supply

Sheet PANEL_LIBRARY
A1: Panel Type | B1: Block Name | C1: External PSU Required | D1: PS Block Name
A2: ACP | B2: ACP_FULL | C2: YES | D2: ACPS_FULL
A3: ACP_PS | B3: ACP_FULL_W_Power_Supply | C3: NO
